,CAGR,AnnVol,Sharpe,MaxDD
TSMOM_252d_Enhanced,0.19672903869190206,0.23182175138806035,0.8927329119035017,-0.3154721921942427
XAsset_MomRot,0.08582002652831888,0.12887758509358338,0.7045870529657428,-0.29462960650535797
TSMOM_63d_Enhanced,0.14966842084818,0.24003913299981758,0.7025251396580311,-0.41536888852471887
BuyHold_SPY,0.10432191888784681,0.18995877892253574,0.6183447668212738,-0.5518944767629899
